id,T_mod_K,T_fuel_K,n_rods_in,void,k_eff,k_sigma_pcm,F_assembly
0,550.6,758.4,3,0.0822,1.102859,47.8,1.8610
1,512.6,978.3,10,0.0630,1.079199,45.0,4.1744
2,538.6,615.3,3,0.0968,1.112851,43.2,1.8727
3,376.8,934.5,9,0.1552,1.114361,45.9,3.3969
4,445.4,1183.4,5,0.1696,1.099712,43.7,1.7420
5,342.6,839.2,5,0.0126,1.171273,42.9,1.7906
6,375.4,690.9,6,0.0415,1.164273,48.0,2.1919
7,493.3,752.0,12,0.1640,0.980597,48.7,1.8649
8,438.2,1031.4,2,0.0051,1.176096,46.3,1.7913
9,343.8,635.3,7,0.0429,1.166544,45.3,2.4878
10,516.9,956.7,6,0.0502,1.108992,40.6,2.0151
11,399.8,913.3,9,0.0444,1.138185,41.0,3.4598
12,449.2,676.9,6,0.1132,1.125346,43.3,2.0470
13,416.8,859.1,11,0.1293,1.066844,48.6,4.6626
14,526.4,728.9,0,0.1909,1.128006,46.2,1.2799
15,515.1,818.5,8,0.1512,1.075421,44.1,2.6214
16,328.4,1163.9,5,0.0463,1.160663,41.9,1.9237
17,542.6,1054.1,2,0.1014,1.106830,45.2,1.6494
18,350.0,1086.9,11,0.0187,1.111583,48.8,5.1516
19,297.9,654.6,8,0.0358,1.172264,49.7,3.0426
20,418.9,879.1,6,0.1789,1.109758,47.5,2.1226
21,333.7,805.6,2,0.0906,1.181408,49.5,1.8403
22,355.4,919.1,1,0.1230,1.177251,49.2,1.6601
23,334.2,1165.1,5,0.1094,1.144299,43.7,1.8475
24,523.9,1010.2,0,0.0927,1.146155,42.6,1.2420
25,455.4,1153.8,6,0.0297,1.131754,50.4,2.1668
26,312.7,1118.2,6,0.1778,1.125095,43.4,2.1413
27,430.8,988.6,9,0.0492,1.129587,49.9,3.4715
28,414.0,655.3,10,0.0885,1.117728,46.0,4.4022
29,537.6,1176.3,1,0.1397,1.108797,42.7,1.5288
30,362.0,688.1,11,0.1208,1.092612,47.1,4.8229
31,451.4,792.9,9,0.0765,1.114950,46.0,3.4287
32,527.9,702.6,8,0.0217,1.113202,46.9,2.7571
33,305.7,1068.6,11,0.1844,1.069122,42.3,4.7350
34,365.4,801.6,2,0.1986,1.147614,43.9,1.7484
35,327.1,963.5,3,0.0073,1.190434,51.8,2.0638
36,503.8,709.7,9,0.0867,1.098821,44.4,3.3095
37,531.0,775.0,6,0.1336,1.079573,46.3,1.9946
38,379.4,1029.2,9,0.0743,1.135949,42.5,3.5207
39,311.4,1004.2,4,0.0134,1.181783,47.2,1.4765
40,404.9,971.5,12,0.0104,1.059329,46.9,1.9255
41,403.7,894.1,4,0.1019,1.142725,41.9,1.4054
42,319.0,710.3,5,0.1475,1.150170,42.6,1.8064
43,345.5,631.9,11,0.0778,1.108373,52.5,4.9809
44,393.6,730.6,10,0.0574,1.130792,43.7,4.4637
45,482.0,614.3,8,0.0302,1.130681,46.0,2.8912
46,472.5,608.3,8,0.0474,1.129936,47.8,2.7929
47,495.0,1108.1,12,0.1681,0.972943,43.5,1.7658
48,436.4,895.6,11,0.1959,1.039401,44.7,4.4200
49,426.7,762.9,8,0.1876,1.098857,42.4,2.7299
50,359.1,1199.8,1,0.0347,1.189763,47.5,1.6305
51,462.5,769.8,8,0.0333,1.128959,48.4,2.8874
52,498.7,811.7,3,0.0649,1.131937,48.5,1.9000
53,441.6,984.1,3,0.1427,1.132618,49.9,1.9461
54,422.1,1190.8,6,0.1042,1.123689,43.3,2.1211
55,501.5,864.5,3,0.0958,1.123531,47.0,1.9455
56,371.8,1075.2,1,0.0269,1.188439,47.0,1.7083
57,412.6,673.1,1,0.0374,1.190770,47.9,1.6451
58,389.7,844.2,5,0.1135,1.136866,45.9,1.7599
59,488.6,1113.6,8,0.0939,1.097157,44.5,2.7053
60,518.0,851.8,4,0.0086,1.126790,52.3,1.2860
61,301.4,1059.1,11,0.0252,1.117906,43.9,5.1453
62,384.1,1141.6,11,0.0676,1.089853,49.3,4.9578
63,506.8,865.9,4,0.1711,1.088662,48.4,1.2710
64,433.5,1096.9,5,0.0591,1.134606,46.3,1.8252
65,330.6,1081.1,11,0.1574,1.073106,50.3,4.7455
66,443.1,823.2,10,0.0392,1.114858,48.8,4.3921
67,424.5,1040.1,1,0.1654,1.151707,42.1,1.5710
68,338.2,871.0,4,0.0048,1.178478,40.3,1.4366
69,300.0,922.9,2,0.0176,1.201009,48.8,1.9059
70,316.1,662.0,2,0.1817,1.167007,47.9,1.7689
71,467.9,965.3,3,0.1763,1.114763,47.7,1.9261
72,409.1,749.2,7,0.0012,1.163714,45.3,2.4969
73,480.0,1070.3,9,0.1251,1.085110,46.5,3.3208
74,386.4,644.0,10,0.1734,1.099797,48.1,4.2634
75,382.3,941.0,4,0.1919,1.122754,43.6,1.3719
76,389.2,1173.1,7,0.1617,1.112922,44.6,2.3937
77,507.0,883.1,1,0.1938,1.115528,49.1,1.5040
78,452.2,1100.5,6,0.1108,1.112179,49.9,2.0327
79,307.5,1038.3,7,0.0694,1.159861,42.6,2.4699
80,321.7,1129.8,8,0.0211,1.160669,47.9,3.0794
81,348.9,743.8,9,0.0610,1.153441,48.7,3.5090
82,531.2,947.9,1,0.0995,1.130173,46.6,1.5247
83,458.4,888.9,7,0.1595,1.101316,47.3,2.3565
84,491.0,1146.2,2,0.1731,1.111182,45.1,1.6725
85,357.1,797.6,8,0.0238,1.159869,41.3,3.0192
86,429.1,1157.5,11,0.0017,1.096714,42.5,4.9878
87,303.6,909.2,0,0.0814,1.204417,44.9,1.3765
88,470.5,629.8,4,0.1354,1.121450,42.2,1.2874
89,511.0,696.1,12,0.1453,0.985133,46.5,1.8945
90,402.2,845.5,1,0.1449,1.162077,45.2,1.6245
91,434.8,929.7,7,0.1377,1.115041,45.0,2.3567
92,553.9,1045.6,10,0.0786,1.050982,50.7,3.9147
93,466.0,648.1,10,0.0650,1.106481,47.2,4.2836
94,483.1,833.9,7,0.0731,1.115518,48.0,2.3846
95,541.6,1189.7,5,0.1401,1.067835,50.9,1.6579
96,457.7,1093.3,3,0.0524,1.143587,45.7,2.0195
97,363.4,998.6,5,0.1981,1.118637,48.7,1.7801
98,486.1,1060.5,12,0.1892,0.970876,44.4,1.8348
99,352.8,1136.3,9,0.1243,1.120991,47.7,3.4400
100,547.7,1017.2,7,0.1190,1.071595,49.1,2.2567
101,559.7,736.3,0,0.1320,1.129250,46.4,1.2517
102,394.7,990.3,10,0.1489,1.097106,43.9,4.2829
103,546.5,938.5,4,0.1806,1.065292,47.8,1.2598
104,522.0,622.5,5,0.0564,1.115502,42.5,1.7216
105,476.2,668.8,9,0.1543,1.090858,46.5,3.2806
106,552.9,826.4,7,0.1068,1.072116,47.8,2.2569
107,367.5,953.5,4,0.0712,1.158584,41.7,1.3557
108,369.7,1024.3,0,0.1607,1.174084,44.6,1.2751
109,496.9,718.0,6,0.0847,1.116011,50.8,2.0387
110,461.1,783.2,3,0.1865,1.114054,49.4,1.9202
111,474.7,902.1,1,0.1306,1.144949,47.5,1.5929
112,339.6,1131.3,4,0.0544,1.160247,45.4,1.3683
113,295.3,788.2,7,0.1064,1.149372,45.0,2.4217
114,396.4,1007.1,10,0.1268,1.103500,44.3,4.3005
115,322.9,600.2,3,0.0875,1.180207,47.6,2.0467
116,409.4,1125.0,2,0.1176,1.152336,47.1,1.8156
117,317.8,772.1,10,0.1519,1.112945,46.7,4.4286
118,557.3,721.2,2,0.1151,1.110409,42.3,1.6085
119,533.7,684.9,2,0.0162,1.147924,44.1,1.7575
