r_cm,dose_n_uSv_h,dose_g_uSv_h,dose_total_uSv_h
1.319,1.2554e+14,4.7676e+12,1.3030e+14
3.956,1.1876e+14,4.7172e+12,1.2348e+14
6.594,1.1513e+14,5.0617e+12,1.2019e+14
9.231,1.2850e+14,4.7842e+12,1.3328e+14
11.869,1.3442e+14,4.7515e+12,1.3917e+14
14.506,1.2908e+14,4.8356e+12,1.3392e+14
17.144,1.2586e+14,4.7886e+12,1.3065e+14
19.781,1.2513e+14,4.6920e+12,1.2982e+14
22.419,1.2047e+14,4.6240e+12,1.2510e+14
25.056,1.1572e+14,4.5648e+12,1.2028e+14
27.694,1.1382e+14,4.4777e+12,1.1830e+14
30.331,1.1594e+14,4.2906e+12,1.2023e+14
32.969,1.1488e+14,4.1549e+12,1.1903e+14
35.606,1.1009e+14,4.0173e+12,1.1411e+14
38.244,1.0452e+14,3.8108e+12,1.0833e+14
40.881,9.8302e+13,3.5932e+12,1.0190e+14
43.519,9.0620e+13,3.3767e+12,9.3996e+13
46.156,8.3387e+13,3.1286e+12,8.6515e+13
48.794,7.3770e+13,2.8866e+12,7.6656e+13
51.431,6.4549e+13,2.6217e+12,6.7171e+13
54.069,5.2779e+13,2.3480e+12,5.5127e+13
56.706,3.7574e+13,1.9793e+12,3.9554e+13
59.344,2.5585e+13,1.7035e+12,2.7288e+13
61.981,1.6300e+13,1.4650e+12,1.7765e+13
64.619,1.0204e+13,1.2679e+12,1.1472e+13
67.256,6.8272e+12,1.1159e+12,7.9431e+12
69.894,4.6479e+12,9.8275e+11,5.6306e+12
72.531,3.2103e+12,8.6205e+11,4.0724e+12
75.169,2.2633e+12,7.5654e+11,3.0198e+12
77.806,1.6222e+12,6.6516e+11,2.2873e+12
80.444,1.2255e+12,5.0851e+11,1.7340e+12
83.081,7.5203e+11,2.6518e+11,1.0172e+12
85.719,4.9589e+11,2.2635e+11,7.2224e+11
88.356,3.4873e+11,2.0153e+11,5.5026e+11
90.994,2.5055e+11,1.7984e+11,4.3039e+11
93.631,1.8240e+11,1.6037e+11,3.4277e+11
96.269,1.3385e+11,1.4308e+11,2.7693e+11
98.906,9.7586e+10,1.2789e+11,2.2548e+11
101.544,7.2020e+10,1.1448e+11,1.8650e+11
104.181,5.3710e+10,1.0246e+11,1.5617e+11
106.819,4.0462e+10,9.1730e+10,1.3219e+11
109.456,3.0524e+10,8.2394e+10,1.1292e+11
112.094,2.2987e+10,7.3927e+10,9.6914e+10
114.731,1.7421e+10,6.6288e+10,8.3709e+10
117.369,1.3282e+10,5.9593e+10,7.2875e+10
120.006,1.0089e+10,5.3531e+10,6.3620e+10
122.644,7.6110e+09,4.8145e+10,5.5757e+10
125.281,5.8137e+09,4.3276e+10,4.9090e+10
127.919,4.4113e+09,3.9009e+10,4.3420e+10
130.556,3.4520e+09,3.5067e+10,3.8519e+10
133.194,2.6989e+09,3.1433e+10,3.4132e+10
135.831,2.1652e+09,2.8173e+10,3.0338e+10
138.469,1.8288e+09,2.5125e+10,2.6954e+10
141.106,1.8921e+09,1.6709e+10,1.8601e+10
143.744,1.5392e+09,7.8464e+09,9.3856e+09
146.381,1.2554e+09,3.7462e+09,5.0016e+09
149.019,8.6713e+08,1.8249e+09,2.6921e+09
151.656,6.5138e+08,8.7383e+08,1.5252e+09
154.294,5.1028e+08,4.2497e+08,9.3526e+08
156.931,3.9253e+08,2.3663e+08,6.2916e+08
159.569,3.7479e+08,2.2289e+08,5.9768e+08
162.206,3.8960e+08,2.1923e+08,6.0883e+08
164.844,3.8698e+08,2.1399e+08,6.0097e+08
167.481,3.7767e+08,2.0922e+08,5.8689e+08
170.119,3.8487e+08,2.0702e+08,5.9189e+08
172.756,3.3660e+08,1.5378e+08,4.9038e+08
175.394,2.2477e+08,7.7644e+07,3.0241e+08
178.031,7.9505e+07,5.4958e+07,1.3446e+08
180.669,3.0514e+07,4.9019e+07,7.9533e+07
183.306,1.3938e+07,4.3433e+07,5.7371e+07
185.944,4.2251e+06,3.7998e+07,4.2224e+07
188.581,1.8967e+06,2.8458e+07,3.0354e+07
191.219,1.2218e+06,2.0116e+07,2.1338e+07
193.856,9.2017e+05,1.3855e+07,1.4775e+07
196.494,7.0331e+05,1.0101e+07,1.0804e+07
199.131,4.9257e+05,6.4658e+06,6.9584e+06
201.769,2.8206e+05,4.4029e+06,4.6850e+06
204.406,1.9324e+05,3.2664e+06,3.4596e+06
207.044,1.1849e+05,2.3910e+06,2.5095e+06
209.681,8.2857e+04,1.7598e+06,1.8427e+06
212.319,4.1377e+04,1.3503e+06,1.3917e+06
214.956,3.4778e+04,9.4850e+05,9.8328e+05
217.594,2.2094e+04,6.6333e+05,6.8543e+05
220.231,1.4780e+04,5.7096e+05,5.8574e+05
222.869,1.0115e+04,5.2246e+05,5.3258e+05
225.506,2.1094e+04,4.5738e+05,4.7847e+05
228.144,8.4336e+03,2.4581e+05,2.5424e+05
230.781,6.4339e+03,1.9444e+05,2.0087e+05
233.419,6.5951e+03,1.0555e+05,1.1215e+05
236.056,4.0097e+03,3.8569e+04,4.2579e+04
238.694,2.8052e+03,2.8977e+04,3.1783e+04
241.331,1.9961e+03,1.9695e+04,2.1691e+04
243.969,1.0089e+02,1.7010e+04,1.7110e+04
246.606,1.7141e+01,1.0471e+04,1.0488e+04
249.244,1.3141e+00,8.8911e+03,8.8924e+03
251.881,4.3418e-01,7.9870e+03,7.9874e+03
254.519,0.0000e+00,6.4612e+03,6.4612e+03
257.156,0.0000e+00,5.4416e+02,5.4416e+02
259.794,0.0000e+00,4.6557e+02,4.6557e+02
262.431,0.0000e+00,1.7277e+02,1.7277e+02
265.069,0.0000e+00,5.5332e+01,5.5332e+01
267.706,0.0000e+00,1.5315e+01,1.5315e+01
270.344,0.0000e+00,2.3330e+00,2.3330e+00
272.981,0.0000e+00,3.4255e+00,3.4255e+00
275.619,0.0000e+00,1.4177e+01,1.4177e+01
278.256,0.0000e+00,3.0849e+01,3.0849e+01
280.894,0.0000e+00,3.0362e+01,3.0362e+01
283.531,0.0000e+00,2.9723e+01,2.9723e+01
286.169,0.0000e+00,2.9303e+01,2.9303e+01
288.806,0.0000e+00,2.9847e+01,2.9847e+01
291.444,0.0000e+00,3.2126e+01,3.2126e+01
294.081,0.0000e+00,3.1708e+01,3.1708e+01
296.719,0.0000e+00,2.2368e+01,2.2368e+01
299.356,0.0000e+00,9.3737e-01,9.3737e-01
301.994,0.0000e+00,9.2887e-01,9.2887e-01
304.631,0.0000e+00,9.2052e-01,9.2052e-01
307.269,0.0000e+00,7.8383e-01,7.8383e-01
309.906,0.0000e+00,6.4161e-01,6.4161e-01
312.544,0.0000e+00,6.4850e-01,6.4850e-01
315.181,0.0000e+00,4.7776e-01,4.7776e-01
